{
	"class_name" : "PinholeCameraParameters",
	"extrinsic" : 
	[
		0.99979299960222257,
		0.018695839810735394,
		-0.0080264263630515521,
		0.0,
		0.017714858093501346,
		-0.60586942133681987,
		0.79536685126532303,
		0.0,
		0.010007084946040842,
		-0.79534439701475146,
		-0.6060752002747879,
		0.0,
		-0.93788267425453398,
		-1.7347244231502543,
		24.048040781968794,
		1.0
	],
	"intrinsic" : 
	{
		"height" : 1001,
		"intrinsic_matrix" : 
		[
			866.89142918822313,
			0.0,
			0.0,
			0.0,
			866.89142918822313,
			0.0,
			959.5,
			500.0,
			1.0
		],
		"width" : 1920
	},
	"version_major" : 1,
	"version_minor" : 0
}